plot_numbe,vertex_order,x_px,y_px,x_norm,y_norm,label_x_px,label_y_px,block_labe,source
72,0,413.5,643.5,0.20675,0.619942,416.79,651.77,مدينة بدر,image_yellow_mask
72,1,412.0,654.25,0.206,0.630299,416.79,651.77,مدينة بدر,image_yellow_mask
72,2,414.0,655.75,0.207,0.631744,416.79,651.77,مدينة بدر,image_yellow_mask
72,3,414.0,657.0,0.207,0.632948,416.79,651.77,مدينة بدر,image_yellow_mask
72,4,418.25,657.25,0.209125,0.633189,416.79,651.77,مدينة بدر,image_yellow_mask
72,5,418.75,655.75,0.209375,0.631744,416.79,651.77,مدينة بدر,image_yellow_mask
72,6,421.75,654.5,0.210875,0.630539,416.79,651.77,مدينة بدر,image_yellow_mask
72,7,419.75,643.5,0.209875,0.619942,416.79,651.77,مدينة بدر,image_yellow_mask
72,8,417.5,643.0,0.20875,0.619461,416.79,651.77,مدينة بدر,image_yellow_mask
83,0,450.75,584.25,0.225375,0.562861,451.86,590.27,مدينة بدر,image_yellow_mask
83,1,450.5,585.75,0.22525,0.564306,451.86,590.27,مدينة بدر,image_yellow_mask
83,2,447.75,585.75,0.223875,0.564306,451.86,590.27,مدينة بدر,image_yellow_mask
83,3,446.25,596.25,0.223125,0.574422,451.86,590.27,مدينة بدر,image_yellow_mask
83,4,450.0,599.0,0.225,0.577071,451.86,590.27,مدينة بدر,image_yellow_mask
83,5,452.5,599.0,0.22625,0.577071,451.86,590.27,مدينة بدر,image_yellow_mask
83,6,457.75,589.25,0.228875,0.567678,451.86,590.27,مدينة بدر,image_yellow_mask
83,7,456.5,589.0,0.22825,0.567437,451.86,590.27,مدينة بدر,image_yellow_mask
83,8,456.0,586.0,0.228,0.564547,451.86,590.27,مدينة بدر,image_yellow_mask
123,0,491.75,708.0,0.245875,0.682081,497.56,715.6,مدينة بدر,image_yellow_mask
123,1,490.25,712.25,0.245125,0.686175,497.56,715.6,مدينة بدر,image_yellow_mask
123,2,494.75,719.25,0.247375,0.692919,497.56,715.6,مدينة بدر,image_yellow_mask
123,3,496.25,720.75,0.248125,0.694364,497.56,715.6,مدينة بدر,image_yellow_mask
123,4,499.5,719.75,0.24975,0.693401,497.56,715.6,مدينة بدر,image_yellow_mask
123,5,502.0,720.0,0.251,0.693642,497.56,715.6,مدينة بدر,image_yellow_mask
123,6,502.75,715.5,0.251375,0.689306,497.56,715.6,مدينة بدر,image_yellow_mask
123,7,497.25,707.5,0.248625,0.681599,497.56,715.6,مدينة بدر,image_yellow_mask
201,0,691.25,699.0,0.345625,0.67341,687.87,701.52,مدينة بدر,image_yellow_mask
201,1,686.5,698.0,0.34325,0.672447,687.87,701.52,مدينة بدر,image_yellow_mask
201,2,684.25,698.75,0.342125,0.67317,687.87,701.52,مدينة بدر,image_yellow_mask
201,3,682.5,701.0,0.34125,0.675337,687.87,701.52,مدينة بدر,image_yellow_mask
201,4,682.5,702.75,0.34125,0.677023,687.87,701.52,مدينة بدر,image_yellow_mask
201,5,685.0,702.75,0.3425,0.677023,687.87,701.52,مدينة بدر,image_yellow_mask
201,6,685.25,704.75,0.342625,0.67895,687.87,701.52,مدينة بدر,image_yellow_mask
201,7,682.25,705.25,0.341125,0.679432,687.87,701.52,مدينة بدر,image_yellow_mask
201,8,681.75,703.5,0.340875,0.677746,687.87,701.52,مدينة بدر,image_yellow_mask
201,9,679.5,703.5,0.33975,0.677746,687.87,701.52,مدينة بدر,image_yellow_mask
201,10,678.75,706.75,0.339375,0.680877,687.87,701.52,مدينة بدر,image_yellow_mask
201,11,679.25,708.0,0.339625,0.682081,687.87,701.52,مدينة بدر,image_yellow_mask
201,12,682.0,708.5,0.341,0.682563,687.87,701.52,مدينة بدر,image_yellow_mask
201,13,682.5,709.25,0.34125,0.683285,687.87,701.52,مدينة بدر,image_yellow_mask
201,14,685.0,708.25,0.3425,0.682322,687.87,701.52,مدينة بدر,image_yellow_mask
201,15,691.0,703.5,0.3455,0.677746,687.87,701.52,مدينة بدر,image_yellow_mask
201,16,691.0,700.5,0.3455,0.674855,687.87,701.52,مدينة بدر,image_yellow_mask
201,17,691.75,700.25,0.345875,0.674615,687.87,701.52,مدينة بدر,image_yellow_mask
215,0,650.25,737.75,0.325125,0.710742,653.31,742.68,مدينة بدر,image_yellow_mask
215,1,649.0,739.0,0.3245,0.711946,653.31,742.68,مدينة بدر,image_yellow_mask
215,2,648.5,743.25,0.32425,0.71604,653.31,742.68,مدينة بدر,image_yellow_mask
215,3,654.5,750.75,0.32725,0.723266,653.31,742.68,مدينة بدر,image_yellow_mask
215,4,658.0,750.75,0.329,0.723266,653.31,742.68,مدينة بدر,image_yellow_mask
215,5,660.25,749.0,0.330125,0.72158,653.31,742.68,مدينة بدر,image_yellow_mask
215,6,660.0,744.5,0.33,0.717245,653.31,742.68,مدينة بدر,image_yellow_mask
215,7,655.25,738.5,0.327625,0.711464,653.31,742.68,مدينة بدر,image_yellow_mask
217,0,637.25,748.25,0.318625,0.720857,645.17,757.07,مدينة بدر,image_yellow_mask
217,1,636.25,749.25,0.318125,0.721821,645.17,757.07,مدينة بدر,image_yellow_mask
217,2,636.5,752.25,0.31825,0.724711,645.17,757.07,مدينة بدر,image_yellow_mask
217,3,635.75,753.0,0.317875,0.725434,645.17,757.07,مدينة بدر,image_yellow_mask
217,4,637.5,755.25,0.31875,0.727601,645.17,757.07,مدينة بدر,image_yellow_mask
217,5,638.25,754.5,0.319125,0.726879,645.17,757.07,مدينة بدر,image_yellow_mask
217,6,640.0,754.5,0.32,0.726879,645.17,757.07,مدينة بدر,image_yellow_mask
217,7,640.5,753.25,0.32025,0.725674,645.17,757.07,مدينة بدر,image_yellow_mask
217,8,643.0,753.5,0.3215,0.725915,645.17,757.07,مدينة بدر,image_yellow_mask
217,9,642.75,755.25,0.321375,0.727601,645.17,757.07,مدينة بدر,image_yellow_mask
217,10,640.25,755.5,0.320125,0.727842,645.17,757.07,مدينة بدر,image_yellow_mask
217,11,640.25,758.75,0.320125,0.730973,645.17,757.07,مدينة بدر,image_yellow_mask
217,12,642.0,758.75,0.321,0.730973,645.17,757.07,مدينة بدر,image_yellow_mask
217,13,645.0,760.5,0.3225,0.732659,645.17,757.07,مدينة بدر,image_yellow_mask
217,14,647.25,759.5,0.323625,0.731696,645.17,757.07,مدينة بدر,image_yellow_mask
217,15,648.25,758.25,0.324125,0.730491,645.17,757.07,مدينة بدر,image_yellow_mask
217,16,648.25,754.75,0.324125,0.727119,645.17,757.07,مدينة بدر,image_yellow_mask
217,17,642.25,747.5,0.321125,0.720135,645.17,757.07,مدينة بدر,image_yellow_mask
229,0,585.75,678.75,0.292875,0.653902,588.97,684.06,مدينة بدر,image_yellow_mask
229,1,584.0,683.25,0.292,0.658237,588.97,684.06,مدينة بدر,image_yellow_mask
229,2,584.75,686.0,0.292375,0.660886,588.97,684.06,مدينة بدر,image_yellow_mask
229,3,589.5,691.75,0.29475,0.666426,588.97,684.06,مدينة بدر,image_yellow_mask
229,4,593.5,692.0,0.29675,0.666667,588.97,684.06,مدينة بدر,image_yellow_mask
229,5,595.75,690.0,0.297875,0.66474,588.97,684.06,مدينة بدر,image_yellow_mask
229,6,595.5,685.75,0.29775,0.660645,588.97,684.06,مدينة بدر,image_yellow_mask
229,7,591.0,679.0,0.2955,0.654143,588.97,684.06,مدينة بدر,image_yellow_mask
248,0,532.75,644.5,0.266375,0.620906,529.66,649.51,مدينة بدر,image_yellow_mask
248,1,528.5,644.5,0.26425,0.620906,529.66,649.51,مدينة بدر,image_yellow_mask
248,2,521.5,649.75,0.26075,0.625963,529.66,649.51,مدينة بدر,image_yellow_mask
248,3,521.5,652.5,0.26075,0.628613,529.66,649.51,مدينة بدر,image_yellow_mask
248,4,520.5,653.25,0.26025,0.629335,529.66,649.51,مدينة بدر,image_yellow_mask
248,5,521.75,655.0,0.260875,0.631021,529.66,649.51,مدينة بدر,image_yellow_mask
248,6,523.75,655.0,0.261875,0.631021,529.66,649.51,مدينة بدر,image_yellow_mask
248,7,525.0,656.25,0.2625,0.632225,529.66,649.51,مدينة بدر,image_yellow_mask
248,8,528.75,656.0,0.264375,0.631985,529.66,649.51,مدينة بدر,image_yellow_mask
248,9,535.25,651.25,0.267625,0.627408,529.66,649.51,مدينة بدر,image_yellow_mask
248,10,535.25,648.0,0.267625,0.624277,529.66,649.51,مدينة بدر,image_yellow_mask
268,0,568.75,639.5,0.284375,0.616089,564.78,644.86,مدينة بدر,image_yellow_mask
268,1,563.0,640.0,0.2815,0.61657,564.78,644.86,مدينة بدر,image_yellow_mask
268,2,559.75,642.5,0.279875,0.618979,564.78,644.86,مدينة بدر,image_yellow_mask
268,3,559.5,646.5,0.27975,0.622832,564.78,644.86,مدينة بدر,image_yellow_mask
268,4,558.75,647.25,0.279375,0.623555,564.78,644.86,مدينة بدر,image_yellow_mask
268,5,560.75,650.25,0.280375,0.626445,564.78,644.86,مدينة بدر,image_yellow_mask
268,6,565.25,650.75,0.282625,0.626927,564.78,644.86,مدينة بدر,image_yellow_mask
268,7,571.0,646.25,0.2855,0.622592,564.78,644.86,مدينة بدر,image_yellow_mask
268,8,571.25,643.0,0.285625,0.619461,564.78,644.86,مدينة بدر,image_yellow_mask
303,0,439.75,511.75,0.219875,0.493015,434.06,519.27,مدينة بدر,image_yellow_mask
303,1,435.75,512.75,0.217875,0.493979,434.06,519.27,مدينة بدر,image_yellow_mask
303,2,429.5,515.75,0.21475,0.496869,434.06,519.27,مدينة بدر,image_yellow_mask
303,3,428.5,520.5,0.21425,0.501445,434.06,519.27,مدينة بدر,image_yellow_mask
303,4,430.25,523.75,0.215125,0.504576,434.06,519.27,مدينة بدر,image_yellow_mask
303,5,434.25,525.0,0.217125,0.50578,434.06,519.27,مدينة بدر,image_yellow_mask
303,6,443.25,520.25,0.221625,0.501204,434.06,519.27,مدينة بدر,image_yellow_mask
303,7,442.0,518.75,0.221,0.499759,434.06,519.27,مدينة بدر,image_yellow_mask
304,0,451.0,509.5,0.2255,0.490848,445.05,513.88,مدينة بدر,image_yellow_mask
304,1,448.5,509.5,0.22425,0.490848,445.05,513.88,مدينة بدر,image_yellow_mask
304,2,448.25,508.5,0.224125,0.489884,445.05,513.88,مدينة بدر,image_yellow_mask
304,3,439.75,511.5,0.219875,0.492775,445.05,513.88,مدينة بدر,image_yellow_mask
304,4,443.25,520.0,0.221625,0.500963,445.05,513.88,مدينة بدر,image_yellow_mask
304,5,448.0,517.25,0.224,0.498314,445.05,513.88,مدينة بدر,image_yellow_mask
304,6,448.25,516.25,0.224125,0.497351,445.05,513.88,مدينة بدر,image_yellow_mask
304,7,449.75,516.25,0.224875,0.497351,445.05,513.88,مدينة بدر,image_yellow_mask
304,8,451.75,514.75,0.225875,0.495906,445.05,513.88,مدينة بدر,image_yellow_mask
304,9,452.25,512.0,0.226125,0.493256,445.05,513.88,مدينة بدر,image_yellow_mask
314,0,435.5,470.5,0.21775,0.453276,440.69,473.95,مدينة بدر,image_yellow_mask
314,1,434.75,475.75,0.217375,0.458333,440.69,473.95,مدينة بدر,image_yellow_mask
314,2,436.0,476.25,0.218,0.458815,440.69,473.95,مدينة بدر,image_yellow_mask
314,3,436.0,478.0,0.218,0.460501,440.69,473.95,مدينة بدر,image_yellow_mask
314,4,444.75,479.25,0.222375,0.461705,440.69,473.95,مدينة بدر,image_yellow_mask
314,5,445.0,478.0,0.2225,0.460501,440.69,473.95,مدينة بدر,image_yellow_mask
314,6,447.25,477.5,0.223625,0.460019,440.69,473.95,مدينة بدر,image_yellow_mask
314,7,447.75,473.25,0.223875,0.455925,440.69,473.95,مدينة بدر,image_yellow_mask
314,8,445.75,471.5,0.222875,0.454239,440.69,473.95,مدينة بدر,image_yellow_mask
314,9,445.75,470.0,0.222875,0.452794,440.69,473.95,مدينة بدر,image_yellow_mask
314,10,437.75,468.75,0.218875,0.45159,440.69,473.95,مدينة بدر,image_yellow_mask
314,11,437.5,470.5,0.21875,0.453276,440.69,473.95,مدينة بدر,image_yellow_mask
325,0,452.5,477.5,0.22625,0.460019,461.49,480.92,مدينة بدر,image_yellow_mask
325,1,452.0,481.5,0.226,0.463873,461.49,480.92,مدينة بدر,image_yellow_mask
325,2,453.25,481.75,0.226625,0.464114,461.49,480.92,مدينة بدر,image_yellow_mask
325,3,453.5,484.25,0.22675,0.466522,461.49,480.92,مدينة بدر,image_yellow_mask
325,4,466.5,486.25,0.23325,0.468449,461.49,480.92,مدينة بدر,image_yellow_mask
325,5,465.75,485.0,0.232875,0.467245,461.49,480.92,مدينة بدر,image_yellow_mask
325,6,466.5,477.75,0.23325,0.46026,461.49,480.92,مدينة بدر,image_yellow_mask
325,7,465.5,476.75,0.23275,0.459297,461.49,480.92,مدينة بدر,image_yellow_mask
325,8,454.5,475.75,0.22725,0.458333,461.49,480.92,مدينة بدر,image_yellow_mask
325,9,454.25,477.5,0.227125,0.460019,461.49,480.92,مدينة بدر,image_yellow_mask
326,0,465.75,476.75,0.232875,0.459297,470.7,482.09,مدينة بدر,image_yellow_mask
326,1,466.5,477.5,0.23325,0.460019,470.7,482.09,مدينة بدر,image_yellow_mask
326,2,465.75,484.75,0.232875,0.467004,470.7,482.09,مدينة بدر,image_yellow_mask
326,3,466.75,486.25,0.233375,0.468449,470.7,482.09,مدينة بدر,image_yellow_mask
326,4,478.75,487.25,0.239375,0.469412,470.7,482.09,مدينة بدر,image_yellow_mask
326,5,479.25,486.25,0.239625,0.468449,470.7,482.09,مدينة بدر,image_yellow_mask
326,6,481.0,486.25,0.2405,0.468449,470.7,482.09,مدينة بدر,image_yellow_mask
326,7,481.5,481.5,0.24075,0.463873,470.7,482.09,مدينة بدر,image_yellow_mask
326,8,480.0,481.0,0.24,0.463391,470.7,482.09,مدينة بدر,image_yellow_mask
326,9,479.5,479.0,0.23975,0.461464,470.7,482.09,مدينة بدر,image_yellow_mask
341,0,511.75,537.5,0.255875,0.517823,504.26,544.07,مدينة بدر,image_yellow_mask
341,1,507.0,536.75,0.2535,0.5171,504.26,544.07,مدينة بدر,image_yellow_mask
341,2,500.75,541.0,0.250375,0.521195,504.26,544.07,مدينة بدر,image_yellow_mask
341,3,499.75,542.25,0.249875,0.522399,504.26,544.07,مدينة بدر,image_yellow_mask
341,4,499.75,544.5,0.249875,0.524566,504.26,544.07,مدينة بدر,image_yellow_mask
341,5,499.0,544.75,0.2495,0.524807,504.26,544.07,مدينة بدر,image_yellow_mask
341,6,500.5,547.75,0.25025,0.527697,504.26,544.07,مدينة بدر,image_yellow_mask
341,7,505.25,549.0,0.252625,0.528902,504.26,544.07,مدينة بدر,image_yellow_mask
341,8,512.5,543.5,0.25625,0.523603,504.26,544.07,مدينة بدر,image_yellow_mask
341,9,512.5,540.5,0.25625,0.520713,504.26,544.07,مدينة بدر,image_yellow_mask
341,10,513.25,540.25,0.256625,0.520472,504.26,544.07,مدينة بدر,image_yellow_mask
353,0,519.0,499.75,0.2595,0.481455,519.16,508.22,مدينة بدر,image_yellow_mask
353,1,518.75,501.0,0.259375,0.482659,519.16,508.22,مدينة بدر,image_yellow_mask
353,2,516.25,501.25,0.258125,0.4829,519.16,508.22,مدينة بدر,image_yellow_mask
353,3,514.5,506.25,0.25725,0.487717,519.16,508.22,مدينة بدر,image_yellow_mask
353,4,513.5,506.75,0.25675,0.488198,519.16,508.22,مدينة بدر,image_yellow_mask
353,5,512.5,511.75,0.25625,0.493015,519.16,508.22,مدينة بدر,image_yellow_mask
353,6,516.0,512.25,0.258,0.493497,519.16,508.22,مدينة بدر,image_yellow_mask
353,7,518.25,513.75,0.259125,0.494942,519.16,508.22,مدينة بدر,image_yellow_mask
353,8,518.25,515.5,0.259125,0.496628,519.16,508.22,مدينة بدر,image_yellow_mask
353,9,520.5,515.75,0.26025,0.496869,519.16,508.22,مدينة بدر,image_yellow_mask
353,10,520.75,514.25,0.260375,0.495424,519.16,508.22,مدينة بدر,image_yellow_mask
353,11,523.5,513.75,0.26175,0.494942,519.16,508.22,مدينة بدر,image_yellow_mask
353,12,525.0,502.75,0.2625,0.484345,519.16,508.22,مدينة بدر,image_yellow_mask
353,13,523.0,501.75,0.2615,0.483382,519.16,508.22,مدينة بدر,image_yellow_mask
353,14,523.0,500.25,0.2615,0.481936,519.16,508.22,مدينة بدر,image_yellow_mask
392,0,612.25,482.0,0.306125,0.464355,612.91,491.74,مدينة بدر,image_yellow_mask
392,1,612.25,482.75,0.306125,0.465077,612.91,491.74,مدينة بدر,image_yellow_mask
392,2,610.25,483.5,0.305125,0.4658,612.91,491.74,مدينة بدر,image_yellow_mask
392,3,608.75,491.75,0.304375,0.473748,612.91,491.74,مدينة بدر,image_yellow_mask
392,4,610.25,492.0,0.305125,0.473988,612.91,491.74,مدينة بدر,image_yellow_mask
392,5,611.25,494.5,0.305625,0.476397,612.91,491.74,مدينة بدر,image_yellow_mask
392,6,617.25,493.75,0.308625,0.475674,612.91,491.74,مدينة بدر,image_yellow_mask
392,7,617.5,489.75,0.30875,0.471821,612.91,491.74,مدينة بدر,image_yellow_mask
392,8,613.5,489.25,0.30675,0.471339,612.91,491.74,مدينة بدر,image_yellow_mask
392,9,613.0,487.25,0.3065,0.469412,612.91,491.74,مدينة بدر,image_yellow_mask
392,10,618.0,486.25,0.309,0.468449,612.91,491.74,مدينة بدر,image_yellow_mask
392,11,617.5,482.75,0.30875,0.465077,612.91,491.74,مدينة بدر,image_yellow_mask
415,0,694.25,496.0,0.347125,0.477842,692.73,505.38,مدينة بدر,image_yellow_mask
415,1,692.0,496.0,0.346,0.477842,692.73,505.38,مدينة بدر,image_yellow_mask
415,2,691.5,497.5,0.34575,0.479287,692.73,505.38,مدينة بدر,image_yellow_mask
415,3,690.0,497.75,0.345,0.479528,692.73,505.38,مدينة بدر,image_yellow_mask
415,4,688.25,505.5,0.344125,0.486994,692.73,505.38,مدينة بدر,image_yellow_mask
415,5,688.5,508.25,0.34425,0.489644,692.73,505.38,مدينة بدر,image_yellow_mask
415,6,691.0,509.75,0.3455,0.491089,692.73,505.38,مدينة بدر,image_yellow_mask
415,7,691.25,511.0,0.345625,0.492293,692.73,505.38,مدينة بدر,image_yellow_mask
415,8,692.5,511.25,0.34625,0.492534,692.73,505.38,مدينة بدر,image_yellow_mask
415,9,693.25,509.75,0.346625,0.491089,692.73,505.38,مدينة بدر,image_yellow_mask
415,10,696.0,509.5,0.348,0.490848,692.73,505.38,مدينة بدر,image_yellow_mask
415,11,697.0,507.0,0.3485,0.488439,692.73,505.38,مدينة بدر,image_yellow_mask
415,12,697.5,499.0,0.34875,0.480732,692.73,505.38,مدينة بدر,image_yellow_mask
415,13,696.75,498.5,0.348375,0.48025,692.73,505.38,مدينة بدر,image_yellow_mask
415,14,696.75,497.0,0.348375,0.478805,692.73,505.38,مدينة بدر,image_yellow_mask
450,0,651.0,633.25,0.3255,0.610067,653.29,637.95,مدينة بدر,image_yellow_mask
450,1,649.25,634.5,0.324625,0.611272,653.29,637.95,مدينة بدر,image_yellow_mask
450,2,648.5,639.0,0.32425,0.615607,653.29,637.95,مدينة بدر,image_yellow_mask
450,3,653.75,646.25,0.326875,0.622592,653.29,637.95,مدينة بدر,image_yellow_mask
450,4,657.25,647.0,0.328625,0.623314,653.29,637.95,مدينة بدر,image_yellow_mask
450,5,660.25,644.75,0.330125,0.621146,653.29,637.95,مدينة بدر,image_yellow_mask
450,6,660.5,640.75,0.33025,0.617293,653.29,637.95,مدينة بدر,image_yellow_mask
450,7,655.75,633.5,0.327875,0.610308,653.29,637.95,مدينة بدر,image_yellow_mask
454,0,643.75,657.25,0.321875,0.633189,649.55,662.74,مدينة بدر,image_yellow_mask
454,1,642.5,660.5,0.32125,0.63632,649.55,662.74,مدينة بدر,image_yellow_mask
454,2,646.75,667.25,0.323375,0.642823,649.55,662.74,مدينة بدر,image_yellow_mask
454,3,648.5,668.25,0.32425,0.643786,649.55,662.74,مدينة بدر,image_yellow_mask
454,4,651.5,667.25,0.32575,0.642823,649.55,662.74,مدينة بدر,image_yellow_mask
454,5,653.75,667.5,0.326875,0.643064,649.55,662.74,مدينة بدر,image_yellow_mask
454,6,654.5,666.75,0.32725,0.642341,649.55,662.74,مدينة بدر,image_yellow_mask
454,7,655.25,662.5,0.327625,0.638247,649.55,662.74,مدينة بدر,image_yellow_mask
454,8,649.5,654.5,0.32475,0.630539,649.55,662.74,مدينة بدر,image_yellow_mask
454,9,647.0,655.0,0.3235,0.631021,649.55,662.74,مدينة بدر,image_yellow_mask
466,0,402.0,442.75,0.201,0.426541,397.09,446.58,مدينة بدر,image_yellow_mask
466,1,398.0,441.75,0.199,0.425578,397.09,446.58,مدينة بدر,image_yellow_mask
466,2,397.5,439.75,0.19875,0.423651,397.09,446.58,مدينة بدر,image_yellow_mask
466,3,396.75,441.25,0.198375,0.425096,397.09,446.58,مدينة بدر,image_yellow_mask
466,4,394.25,441.5,0.197125,0.425337,397.09,446.58,مدينة بدر,image_yellow_mask
466,5,394.0,442.75,0.197,0.426541,397.09,446.58,مدينة بدر,image_yellow_mask
466,6,391.75,442.5,0.195875,0.426301,397.09,446.58,مدينة بدر,image_yellow_mask
466,7,391.0,440.75,0.1955,0.424615,397.09,446.58,مدينة بدر,image_yellow_mask
466,8,390.0,443.25,0.195,0.427023,397.09,446.58,مدينة بدر,image_yellow_mask
466,9,388.0,443.5,0.194,0.427264,397.09,446.58,مدينة بدر,image_yellow_mask
466,10,387.5,447.25,0.19375,0.430877,397.09,446.58,مدينة بدر,image_yellow_mask
466,11,388.75,447.5,0.194375,0.431118,397.09,446.58,مدينة بدر,image_yellow_mask
466,12,389.0,450.0,0.1945,0.433526,397.09,446.58,مدينة بدر,image_yellow_mask
466,13,396.25,451.5,0.198125,0.434971,397.09,446.58,مدينة بدر,image_yellow_mask
466,14,400.0,451.5,0.2,0.434971,397.09,446.58,مدينة بدر,image_yellow_mask
466,15,402.25,448.75,0.201125,0.432322,397.09,446.58,مدينة بدر,image_yellow_mask
528,0,359.5,477.75,0.17975,0.46026,361.69,487.56,مدينة بدر,image_yellow_mask
528,1,355.25,482.75,0.177625,0.465077,361.69,487.56,مدينة بدر,image_yellow_mask
528,2,354.0,487.75,0.177,0.469894,361.69,487.56,مدينة بدر,image_yellow_mask
528,3,358.25,494.0,0.179125,0.475915,361.69,487.56,مدينة بدر,image_yellow_mask
528,4,359.75,495.25,0.179875,0.477119,361.69,487.56,مدينة بدر,image_yellow_mask
528,5,365.5,494.25,0.18275,0.476156,361.69,487.56,مدينة بدر,image_yellow_mask
528,6,368.0,491.5,0.184,0.473507,361.69,487.56,مدينة بدر,image_yellow_mask
528,7,368.0,489.0,0.184,0.471098,361.69,487.56,مدينة بدر,image_yellow_mask
528,8,369.5,487.25,0.18475,0.469412,361.69,487.56,مدينة بدر,image_yellow_mask
528,9,371.5,487.0,0.18575,0.469171,361.69,487.56,مدينة بدر,image_yellow_mask
530,0,361.5,474.25,0.18075,0.456888,369.93,479.91,مدينة بدر,image_yellow_mask
530,1,359.5,477.5,0.17975,0.460019,369.93,479.91,مدينة بدر,image_yellow_mask
530,2,371.75,486.75,0.185875,0.468931,369.93,479.91,مدينة بدر,image_yellow_mask
530,3,375.25,480.25,0.187625,0.462669,369.93,479.91,مدينة بدر,image_yellow_mask
530,4,374.25,479.5,0.187125,0.461946,369.93,479.91,مدينة بدر,image_yellow_mask
530,5,374.0,477.0,0.187,0.459538,369.93,479.91,مدينة بدر,image_yellow_mask
530,6,367.0,473.75,0.1835,0.456407,369.93,479.91,مدينة بدر,image_yellow_mask
543,0,393.0,410.25,0.1965,0.395231,402.3,413.81,مدينة بدر,image_yellow_mask
543,1,392.25,414.25,0.196125,0.399085,402.3,413.81,مدينة بدر,image_yellow_mask
543,2,394.0,414.75,0.197,0.399566,402.3,413.81,مدينة بدر,image_yellow_mask
543,3,394.25,417.0,0.197125,0.401734,402.3,413.81,مدينة بدر,image_yellow_mask
543,4,403.0,418.5,0.2015,0.403179,402.3,413.81,مدينة بدر,image_yellow_mask
543,5,406.25,417.75,0.203125,0.402457,402.3,413.81,مدينة بدر,image_yellow_mask
543,6,407.0,416.25,0.2035,0.401012,402.3,413.81,مدينة بدر,image_yellow_mask
543,7,407.25,411.25,0.203625,0.396195,402.3,413.81,مدينة بدر,image_yellow_mask
543,8,405.5,409.75,0.20275,0.39475,402.3,413.81,مدينة بدر,image_yellow_mask
543,9,395.5,408.25,0.19775,0.393304,402.3,413.81,مدينة بدر,image_yellow_mask
543,10,394.5,410.25,0.19725,0.395231,402.3,413.81,مدينة بدر,image_yellow_mask
563,0,333.75,392.0,0.166875,0.377649,337.3,395.89,مدينة بدر,image_yellow_mask
563,1,332.5,401.75,0.16625,0.387042,337.3,395.89,مدينة بدر,image_yellow_mask
563,2,333.75,402.0,0.166875,0.387283,337.3,395.89,مدينة بدر,image_yellow_mask
563,3,334.25,403.75,0.167125,0.388969,337.3,395.89,مدينة بدر,image_yellow_mask
563,4,337.75,404.5,0.168875,0.389692,337.3,395.89,مدينة بدر,image_yellow_mask
563,5,340.5,402.25,0.17025,0.387524,337.3,395.89,مدينة بدر,image_yellow_mask
563,6,341.75,393.0,0.170875,0.378613,337.3,395.89,مدينة بدر,image_yellow_mask
563,7,337.25,391.5,0.168625,0.377168,337.3,395.89,مدينة بدر,image_yellow_mask
568,0,357.25,407.25,0.178625,0.392341,358.11,415.36,مدينة بدر,image_yellow_mask
568,1,356.75,408.5,0.178375,0.393545,358.11,415.36,مدينة بدر,image_yellow_mask
568,2,355.25,408.5,0.177625,0.393545,358.11,415.36,مدينة بدر,image_yellow_mask
568,3,353.75,417.75,0.176875,0.402457,358.11,415.36,مدينة بدر,image_yellow_mask
568,4,356.5,419.5,0.17825,0.404143,358.11,415.36,مدينة بدر,image_yellow_mask
568,5,361.5,419.25,0.18075,0.403902,358.11,415.36,مدينة بدر,image_yellow_mask
568,6,363.0,409.25,0.1815,0.394268,358.11,415.36,مدينة بدر,image_yellow_mask
568,7,362.0,409.0,0.181,0.394027,358.11,415.36,مدينة بدر,image_yellow_mask
568,8,361.5,407.5,0.18075,0.392582,358.11,415.36,مدينة بدر,image_yellow_mask
661,0,679.25,454.75,0.339625,0.438102,681.18,465.74,مدينة بدر,image_yellow_mask
661,1,678.75,456.0,0.339375,0.439306,681.18,465.74,مدينة بدر,image_yellow_mask
661,2,677.0,456.0,0.3385,0.439306,681.18,465.74,مدينة بدر,image_yellow_mask
661,3,676.5,460.5,0.33825,0.443642,681.18,465.74,مدينة بدر,image_yellow_mask
661,4,680.75,460.75,0.340375,0.443882,681.18,465.74,مدينة بدر,image_yellow_mask
661,5,681.0,462.75,0.3405,0.445809,681.18,465.74,مدينة بدر,image_yellow_mask
661,6,676.25,463.25,0.338125,0.446291,681.18,465.74,مدينة بدر,image_yellow_mask
661,7,675.5,467.0,0.33775,0.449904,681.18,465.74,مدينة بدر,image_yellow_mask
661,8,676.75,467.0,0.338375,0.449904,681.18,465.74,مدينة بدر,image_yellow_mask
661,9,677.75,468.25,0.338875,0.451108,681.18,465.74,مدينة بدر,image_yellow_mask
661,10,677.75,469.75,0.338875,0.452553,681.18,465.74,مدينة بدر,image_yellow_mask
661,11,679.25,470.0,0.339625,0.452794,681.18,465.74,مدينة بدر,image_yellow_mask
661,12,680.0,468.75,0.34,0.45159,681.18,465.74,مدينة بدر,image_yellow_mask
661,13,683.5,468.75,0.34175,0.45159,681.18,465.74,مدينة بدر,image_yellow_mask
661,14,685.25,462.5,0.342625,0.445568,681.18,465.74,مدينة بدر,image_yellow_mask
661,15,685.25,457.25,0.342625,0.440511,681.18,465.74,مدينة بدر,image_yellow_mask
661,16,684.25,457.0,0.342125,0.44027,681.18,465.74,مدينة بدر,image_yellow_mask
661,17,683.5,455.25,0.34175,0.438584,681.18,465.74,مدينة بدر,image_yellow_mask
669,0,646.25,449.75,0.323125,0.433285,648.14,458.35,مدينة بدر,image_yellow_mask
669,1,645.25,452.25,0.322625,0.435694,648.14,458.35,مدينة بدر,image_yellow_mask
669,2,645.25,455.75,0.322625,0.439066,648.14,458.35,مدينة بدر,image_yellow_mask
669,3,643.5,456.0,0.32175,0.439306,648.14,458.35,مدينة بدر,image_yellow_mask
669,4,643.25,458.0,0.321625,0.441233,648.14,458.35,مدينة بدر,image_yellow_mask
669,5,644.25,458.25,0.322125,0.441474,648.14,458.35,مدينة بدر,image_yellow_mask
669,6,644.5,463.5,0.32225,0.446532,648.14,458.35,مدينة بدر,image_yellow_mask
669,7,645.75,464.0,0.322875,0.447013,648.14,458.35,مدينة بدر,image_yellow_mask
669,8,651.5,463.25,0.32575,0.446291,648.14,458.35,مدينة بدر,image_yellow_mask
669,9,652.75,452.5,0.326375,0.435934,648.14,458.35,مدينة بدر,image_yellow_mask
669,10,651.75,452.0,0.325875,0.435453,648.14,458.35,مدينة بدر,image_yellow_mask
669,11,651.75,450.5,0.325875,0.434008,648.14,458.35,مدينة بدر,image_yellow_mask
674,0,624.0,435.5,0.312,0.419557,619.31,440.05,مدينة بدر,image_yellow_mask
674,1,619.0,434.25,0.3095,0.418353,619.31,440.05,مدينة بدر,image_yellow_mask
674,2,616.0,434.5,0.308,0.418593,619.31,440.05,مدينة بدر,image_yellow_mask
674,3,614.25,444.25,0.307125,0.427987,619.31,440.05,مدينة بدر,image_yellow_mask
674,4,618.5,444.75,0.30925,0.428468,619.31,440.05,مدينة بدر,image_yellow_mask
674,5,623.25,443.5,0.311625,0.427264,619.31,440.05,مدينة بدر,image_yellow_mask
675,0,623.25,443.75,0.311625,0.427505,617.91,449.26,مدينة بدر,image_yellow_mask
675,1,618.5,445.0,0.30925,0.428709,617.91,449.26,مدينة بدر,image_yellow_mask
675,2,614.25,444.5,0.307125,0.428227,617.91,449.26,مدينة بدر,image_yellow_mask
675,3,612.5,457.25,0.30625,0.440511,617.91,449.26,مدينة بدر,image_yellow_mask
675,4,613.75,457.5,0.306875,0.440751,617.91,449.26,مدينة بدر,image_yellow_mask
675,5,615.0,460.0,0.3075,0.44316,617.91,449.26,مدينة بدر,image_yellow_mask
675,6,618.25,460.25,0.309125,0.443401,617.91,449.26,مدينة بدر,image_yellow_mask
675,7,618.5,459.0,0.30925,0.442197,617.91,449.26,مدينة بدر,image_yellow_mask
675,8,620.5,459.0,0.31025,0.442197,617.91,449.26,مدينة بدر,image_yellow_mask
681,0,555.25,436.0,0.277625,0.420039,552.01,441.25,مدينة بدر,image_yellow_mask
681,1,551.5,435.5,0.27575,0.419557,552.01,441.25,مدينة بدر,image_yellow_mask
681,2,551.25,436.25,0.275625,0.420279,552.01,441.25,مدينة بدر,image_yellow_mask
681,3,548.0,437.5,0.274,0.421484,552.01,441.25,مدينة بدر,image_yellow_mask
681,4,546.75,446.75,0.273375,0.430395,552.01,441.25,مدينة بدر,image_yellow_mask
681,5,548.0,447.75,0.274,0.431358,552.01,441.25,مدينة بدر,image_yellow_mask
681,6,548.0,449.75,0.274,0.433285,552.01,441.25,مدينة بدر,image_yellow_mask
681,7,550.25,450.75,0.275125,0.434249,552.01,441.25,مدينة بدر,image_yellow_mask
681,8,552.25,450.75,0.276125,0.434249,552.01,441.25,مدينة بدر,image_yellow_mask
681,9,552.5,449.0,0.27625,0.432563,552.01,441.25,مدينة بدر,image_yellow_mask
681,10,554.75,448.75,0.277375,0.432322,552.01,441.25,مدينة بدر,image_yellow_mask
681,11,556.5,441.75,0.27825,0.425578,552.01,441.25,مدينة بدر,image_yellow_mask
681,12,556.5,438.0,0.27825,0.421965,552.01,441.25,مدينة بدر,image_yellow_mask
681,13,555.25,437.25,0.277625,0.421243,552.01,441.25,مدينة بدر,image_yellow_mask
698,0,471.5,411.75,0.23575,0.396676,471.93,414.49,مدينة بدر,image_yellow_mask
698,1,469.0,413.5,0.2345,0.398362,471.93,414.49,مدينة بدر,image_yellow_mask
698,2,469.0,415.5,0.2345,0.400289,471.93,414.49,مدينة بدر,image_yellow_mask
698,3,467.0,419.25,0.2335,0.403902,471.93,414.49,مدينة بدر,image_yellow_mask
698,4,467.25,422.5,0.233625,0.407033,471.93,414.49,مدينة بدر,image_yellow_mask
698,5,473.5,423.75,0.23675,0.408237,471.93,414.49,مدينة بدر,image_yellow_mask
698,6,473.5,423.0,0.23675,0.407514,471.93,414.49,مدينة بدر,image_yellow_mask
698,7,475.0,422.25,0.2375,0.406792,471.93,414.49,مدينة بدر,image_yellow_mask
698,8,475.25,419.0,0.237625,0.403661,471.93,414.49,مدينة بدر,image_yellow_mask
698,9,470.5,418.75,0.23525,0.40342,471.93,414.49,مدينة بدر,image_yellow_mask
698,10,470.25,417.0,0.235125,0.401734,471.93,414.49,مدينة بدر,image_yellow_mask
698,11,476.0,417.0,0.238,0.401734,471.93,414.49,مدينة بدر,image_yellow_mask
698,12,476.25,413.25,0.238125,0.398121,471.93,414.49,مدينة بدر,image_yellow_mask
726,0,872.0,482.75,0.436,0.465077,881.12,486.1,مدينة بدر,image_yellow_mask
726,1,871.5,485.75,0.43575,0.467967,881.12,486.1,مدينة بدر,image_yellow_mask
726,2,872.5,486.0,0.43625,0.468208,881.12,486.1,مدينة بدر,image_yellow_mask
726,3,873.0,489.5,0.4365,0.47158,881.12,486.1,مدينة بدر,image_yellow_mask
726,4,886.0,491.75,0.443,0.473748,881.12,486.1,مدينة بدر,image_yellow_mask
726,5,885.75,488.25,0.442875,0.470376,881.12,486.1,مدينة بدر,image_yellow_mask
726,6,886.75,482.0,0.443375,0.464355,881.12,486.1,مدينة بدر,image_yellow_mask
726,7,874.25,480.5,0.437125,0.462909,881.12,486.1,مدينة بدر,image_yellow_mask
726,8,874.25,482.0,0.437125,0.464355,881.12,486.1,مدينة بدر,image_yellow_mask
727,0,887.0,482.0,0.4435,0.464355,890.93,487.56,مدينة بدر,image_yellow_mask
727,1,885.75,490.0,0.442875,0.472062,890.93,487.56,مدينة بدر,image_yellow_mask
727,2,886.25,491.75,0.443125,0.473748,890.93,487.56,مدينة بدر,image_yellow_mask
727,3,897.75,493.0,0.448875,0.474952,890.93,487.56,مدينة بدر,image_yellow_mask
727,4,899.25,490.5,0.449625,0.472543,890.93,487.56,مدينة بدر,image_yellow_mask
727,5,899.5,488.25,0.44975,0.470376,890.93,487.56,مدينة بدر,image_yellow_mask
727,6,901.0,488.0,0.4505,0.470135,890.93,487.56,مدينة بدر,image_yellow_mask
727,7,901.0,487.25,0.4505,0.469412,890.93,487.56,مدينة بدر,image_yellow_mask
727,8,899.75,487.0,0.449875,0.469171,890.93,487.56,مدينة بدر,image_yellow_mask
727,9,899.5,484.5,0.44975,0.466763,890.93,487.56,مدينة بدر,image_yellow_mask
743,0,783.5,471.5,0.39175,0.454239,784.64,476.74,مدينة بدر,image_yellow_mask
743,1,782.5,472.75,0.39125,0.455443,784.64,476.74,مدينة بدر,image_yellow_mask
743,2,780.75,472.75,0.390375,0.455443,784.64,476.74,مدينة بدر,image_yellow_mask
743,3,779.5,481.75,0.38975,0.464114,784.64,476.74,مدينة بدر,image_yellow_mask
743,4,782.5,484.25,0.39125,0.466522,784.64,476.74,مدينة بدر,image_yellow_mask
743,5,782.5,485.5,0.39125,0.467726,784.64,476.74,مدينة بدر,image_yellow_mask
743,6,785.25,486.0,0.392625,0.468208,784.64,476.74,مدينة بدر,image_yellow_mask
743,7,785.5,484.5,0.39275,0.466763,784.64,476.74,مدينة بدر,image_yellow_mask
743,8,788.0,484.0,0.394,0.466281,784.64,476.74,مدينة بدر,image_yellow_mask
743,9,789.5,474.0,0.39475,0.456647,784.64,476.74,مدينة بدر,image_yellow_mask
743,10,787.75,473.25,0.393875,0.455925,784.64,476.74,مدينة بدر,image_yellow_mask
743,11,787.25,471.75,0.393625,0.45448,784.64,476.74,مدينة بدر,image_yellow_mask
749,0,766.75,494.25,0.383375,0.476156,768.63,505.23,مدينة بدر,image_yellow_mask
749,1,764.5,495.0,0.38225,0.476879,768.63,505.23,مدينة بدر,image_yellow_mask
749,2,763.0,504.0,0.3815,0.485549,768.63,505.23,مدينة بدر,image_yellow_mask
749,3,764.5,504.25,0.38225,0.48579,768.63,505.23,مدينة بدر,image_yellow_mask
749,4,764.75,507.75,0.382375,0.489162,768.63,505.23,مدينة بدر,image_yellow_mask
749,5,770.0,509.0,0.385,0.490366,768.63,505.23,مدينة بدر,image_yellow_mask
749,6,772.5,507.0,0.38625,0.488439,768.63,505.23,مدينة بدر,image_yellow_mask
749,7,772.75,502.75,0.386375,0.484345,768.63,505.23,مدينة بدر,image_yellow_mask
749,8,768.5,501.75,0.38425,0.483382,768.63,505.23,مدينة بدر,image_yellow_mask
749,9,768.25,500.0,0.384125,0.481696,768.63,505.23,مدينة بدر,image_yellow_mask
749,10,773.25,499.5,0.386625,0.481214,768.63,505.23,مدينة بدر,image_yellow_mask
749,11,773.75,495.25,0.386875,0.477119,768.63,505.23,مدينة بدر,image_yellow_mask
750,0,772.5,507.25,0.38625,0.48868,775.05,513.27,مدينة بدر,image_yellow_mask
750,1,770.25,509.0,0.385125,0.490366,775.05,513.27,مدينة بدر,image_yellow_mask
750,2,770.5,513.25,0.38525,0.494461,775.05,513.27,مدينة بدر,image_yellow_mask
750,3,769.5,519.75,0.38475,0.500723,775.05,513.27,مدينة بدر,image_yellow_mask
750,4,770.75,519.75,0.385375,0.500723,775.05,513.27,مدينة بدر,image_yellow_mask
750,5,773.0,522.5,0.3865,0.503372,775.05,513.27,مدينة بدر,image_yellow_mask
750,6,778.25,522.25,0.389125,0.503131,775.05,513.27,مدينة بدر,image_yellow_mask
750,7,780.0,511.0,0.39,0.492293,775.05,513.27,مدينة بدر,image_yellow_mask
750,8,778.25,509.0,0.389125,0.490366,775.05,513.27,مدينة بدر,image_yellow_mask
750,9,774.0,508.5,0.387,0.489884,775.05,513.27,مدينة بدر,image_yellow_mask
751,0,773.82,494.05,0.38691,0.475964,776.96,501.98,مدينة بدر,dxf_registered_fallback
751,1,788.08,496.2,0.39404,0.478032,776.96,501.98,مدينة بدر,dxf_registered_fallback
751,2,782.19,495.35,0.391097,0.477217,776.96,501.98,مدينة بدر,dxf_registered_fallback
751,3,780.22,509.03,0.390108,0.490396,776.96,501.98,مدينة بدر,dxf_registered_fallback
751,4,771.85,507.77,0.385923,0.489178,776.96,501.98,مدينة بدر,dxf_registered_fallback
783,0,829.75,560.0,0.414875,0.539499,826.49,568.25,مدينة بدر,image_yellow_mask
783,1,826.75,560.5,0.413375,0.539981,826.49,568.25,مدينة بدر,image_yellow_mask
783,2,825.5,562.25,0.41275,0.541667,826.49,568.25,مدينة بدر,image_yellow_mask
783,3,825.75,564.5,0.412875,0.543834,826.49,568.25,مدينة بدر,image_yellow_mask
783,4,823.25,564.75,0.411625,0.544075,826.49,568.25,مدينة بدر,image_yellow_mask
783,5,821.25,566.5,0.410625,0.545761,826.49,568.25,مدينة بدر,image_yellow_mask
783,6,821.5,569.5,0.41075,0.548651,826.49,568.25,مدينة بدر,image_yellow_mask
783,7,823.0,570.5,0.4115,0.549615,826.49,568.25,مدينة بدر,image_yellow_mask
783,8,823.0,571.5,0.4115,0.550578,826.49,568.25,مدينة بدر,image_yellow_mask
783,9,828.5,572.5,0.41425,0.551541,826.49,568.25,مدينة بدر,image_yellow_mask
783,10,829.75,571.25,0.414875,0.550337,826.49,568.25,مدينة بدر,image_yellow_mask
783,11,830.75,567.25,0.415375,0.546484,826.49,568.25,مدينة بدر,image_yellow_mask
783,12,833.0,563.25,0.4165,0.54263,826.49,568.25,مدينة بدر,image_yellow_mask
783,13,833.0,562.0,0.4165,0.541426,826.49,568.25,مدينة بدر,image_yellow_mask
793,0,842.0,518.75,0.421,0.499759,842.4,527.96,مدينة بدر,image_yellow_mask
793,1,841.75,519.75,0.420875,0.500723,842.4,527.96,مدينة بدر,image_yellow_mask
793,2,839.0,520.25,0.4195,0.501204,842.4,527.96,مدينة بدر,image_yellow_mask
793,3,837.5,531.25,0.41875,0.511802,842.4,527.96,مدينة بدر,image_yellow_mask
793,4,841.25,532.5,0.420625,0.513006,842.4,527.96,مدينة بدر,image_yellow_mask
793,5,845.5,532.25,0.42275,0.512765,842.4,527.96,مدينة بدر,image_yellow_mask
793,6,846.75,529.25,0.423375,0.509875,842.4,527.96,مدينة بدر,image_yellow_mask
793,7,847.25,521.75,0.423625,0.502649,842.4,527.96,مدينة بدر,image_yellow_mask
793,8,846.25,521.0,0.423125,0.501927,842.4,527.96,مدينة بدر,image_yellow_mask
793,9,846.0,519.25,0.423,0.500241,842.4,527.96,مدينة بدر,image_yellow_mask
803,0,878.5,536.5,0.43925,0.516859,886.75,540.4,مدينة بدر,image_yellow_mask
803,1,878.0,540.5,0.439,0.520713,886.75,540.4,مدينة بدر,image_yellow_mask
803,2,879.0,540.75,0.4395,0.520954,886.75,540.4,مدينة بدر,image_yellow_mask
803,3,879.0,543.0,0.4395,0.523121,886.75,540.4,مدينة بدر,image_yellow_mask
803,4,886.5,544.5,0.44325,0.524566,886.75,540.4,مدينة بدر,image_yellow_mask
803,5,890.5,544.25,0.44525,0.524326,886.75,540.4,مدينة بدر,image_yellow_mask
803,6,891.5,542.0,0.44575,0.522158,886.75,540.4,مدينة بدر,image_yellow_mask
803,7,891.25,537.0,0.445625,0.517341,886.75,540.4,مدينة بدر,image_yellow_mask
803,8,880.25,535.25,0.440125,0.515655,886.75,540.4,مدينة بدر,image_yellow_mask
803,9,880.0,536.5,0.44,0.516859,886.75,540.4,مدينة بدر,image_yellow_mask
817,0,869.25,596.5,0.434625,0.574663,878.28,598.92,مدينة بدر,image_yellow_mask
817,1,869.0,599.25,0.4345,0.577312,878.28,598.92,مدينة بدر,image_yellow_mask
817,2,870.0,599.75,0.435,0.577794,878.28,598.92,مدينة بدر,image_yellow_mask
817,3,870.5,601.75,0.43525,0.579721,878.28,598.92,مدينة بدر,image_yellow_mask
817,4,872.25,602.5,0.436125,0.580443,878.28,598.92,مدينة بدر,image_yellow_mask
817,5,881.0,603.5,0.4405,0.581407,878.28,598.92,مدينة بدر,image_yellow_mask
817,6,882.5,601.25,0.44125,0.579239,878.28,598.92,مدينة بدر,image_yellow_mask
817,7,883.5,601.25,0.44175,0.579239,878.28,598.92,مدينة بدر,image_yellow_mask
817,8,883.75,599.25,0.441875,0.577312,878.28,598.92,مدينة بدر,image_yellow_mask
817,9,882.75,599.0,0.441375,0.577071,878.28,598.92,مدينة بدر,image_yellow_mask
817,10,881.5,595.0,0.44075,0.573218,878.28,598.92,مدينة بدر,image_yellow_mask
817,11,872.0,594.0,0.436,0.572254,878.28,598.92,مدينة بدر,image_yellow_mask
817,12,870.0,596.5,0.435,0.574663,878.28,598.92,مدينة بدر,image_yellow_mask
820,0,857.0,601.5,0.4285,0.57948,861.01,608.47,مدينة بدر,image_yellow_mask
820,1,854.5,605.5,0.42725,0.583333,861.01,608.47,مدينة بدر,image_yellow_mask
820,2,852.5,605.75,0.42625,0.583574,861.01,608.47,مدينة بدر,image_yellow_mask
820,3,853.25,606.75,0.426625,0.584538,861.01,608.47,مدينة بدر,image_yellow_mask
820,4,853.25,610.0,0.426625,0.587669,861.01,608.47,مدينة بدر,image_yellow_mask
820,5,859.25,615.25,0.429625,0.592726,861.01,608.47,مدينة بدر,image_yellow_mask
820,6,864.0,615.5,0.432,0.592967,861.01,608.47,مدينة بدر,image_yellow_mask
820,7,867.25,610.25,0.433625,0.587909,861.01,608.47,مدينة بدر,image_yellow_mask
820,8,868.0,605.25,0.434,0.583092,861.01,608.47,مدينة بدر,image_yellow_mask
820,9,867.0,605.0,0.4335,0.582852,861.01,608.47,مدينة بدر,image_yellow_mask
820,10,866.5,603.0,0.43325,0.580925,861.01,608.47,مدينة بدر,image_yellow_mask
836,0,804.75,648.0,0.402375,0.624277,808.48,654.23,مدينة بدر,image_yellow_mask
836,1,804.75,649.0,0.402375,0.625241,808.48,654.23,مدينة بدر,image_yellow_mask
836,2,803.0,650.5,0.4015,0.626686,808.48,654.23,مدينة بدر,image_yellow_mask
836,3,804.5,656.0,0.40225,0.631985,808.48,654.23,مدينة بدر,image_yellow_mask
836,4,807.5,660.5,0.40375,0.63632,808.48,654.23,مدينة بدر,image_yellow_mask
836,5,810.5,660.25,0.40525,0.636079,808.48,654.23,مدينة بدر,image_yellow_mask
836,6,812.75,658.0,0.406375,0.633911,808.48,654.23,مدينة بدر,image_yellow_mask
836,7,813.0,656.75,0.4065,0.632707,808.48,654.23,مدينة بدر,image_yellow_mask
836,8,814.0,656.5,0.407,0.632466,808.48,654.23,مدينة بدر,image_yellow_mask
836,9,813.0,653.5,0.4065,0.629576,808.48,654.23,مدينة بدر,image_yellow_mask
836,10,810.0,648.25,0.405,0.624518,808.48,654.23,مدينة بدر,image_yellow_mask
881,0,722.25,609.0,0.361125,0.586705,724.65,618.22,مدينة بدر,image_yellow_mask
881,1,721.75,609.75,0.360875,0.587428,724.65,618.22,مدينة بدر,image_yellow_mask
881,2,723.5,610.5,0.36175,0.58815,724.65,618.22,مدينة بدر,image_yellow_mask
881,3,726.0,610.25,0.363,0.587909,724.65,618.22,مدينة بدر,image_yellow_mask
881,4,727.0,611.25,0.3635,0.588873,724.65,618.22,مدينة بدر,image_yellow_mask
881,5,727.0,613.0,0.3635,0.590559,724.65,618.22,مدينة بدر,image_yellow_mask
881,6,722.25,613.25,0.361125,0.5908,724.65,618.22,مدينة بدر,image_yellow_mask
881,7,719.25,612.5,0.359625,0.590077,724.65,618.22,مدينة بدر,image_yellow_mask
881,8,717.5,613.25,0.35875,0.5908,724.65,618.22,مدينة بدر,image_yellow_mask
881,9,717.5,615.0,0.35875,0.592486,724.65,618.22,مدينة بدر,image_yellow_mask
881,10,715.5,615.5,0.35775,0.592967,724.65,618.22,مدينة بدر,image_yellow_mask
881,11,714.75,621.25,0.357375,0.598507,724.65,618.22,مدينة بدر,image_yellow_mask
881,12,716.75,622.25,0.358375,0.59947,724.65,618.22,مدينة بدر,image_yellow_mask
881,13,727.25,623.75,0.363625,0.600915,724.65,618.22,مدينة بدر,image_yellow_mask
881,14,727.75,622.5,0.363875,0.599711,724.65,618.22,مدينة بدر,image_yellow_mask
881,15,729.25,622.5,0.364625,0.599711,724.65,618.22,مدينة بدر,image_yellow_mask
881,16,730.25,615.25,0.365125,0.592726,724.65,618.22,مدينة بدر,image_yellow_mask
881,17,727.75,614.0,0.363875,0.591522,724.65,618.22,مدينة بدر,image_yellow_mask
881,18,727.75,611.5,0.363875,0.589114,724.65,618.22,مدينة بدر,image_yellow_mask
881,19,726.75,610.0,0.363375,0.587669,724.65,618.22,مدينة بدر,image_yellow_mask
914,0,902.0,560.0,0.451,0.539499,908.07,566.63,مدينة بدر,image_yellow_mask
914,1,900.75,562.25,0.450375,0.541667,908.07,566.63,مدينة بدر,image_yellow_mask
914,2,900.75,564.25,0.450375,0.543593,908.07,566.63,مدينة بدر,image_yellow_mask
914,3,899.5,564.5,0.44975,0.543834,908.07,566.63,مدينة بدر,image_yellow_mask
914,4,899.5,567.5,0.44975,0.546724,908.07,566.63,مدينة بدر,image_yellow_mask
914,5,900.75,570.75,0.450375,0.549855,908.07,566.63,مدينة بدر,image_yellow_mask
914,6,903.5,571.0,0.45175,0.550096,908.07,566.63,مدينة بدر,image_yellow_mask
914,7,904.0,575.5,0.452,0.554432,908.07,566.63,مدينة بدر,image_yellow_mask
914,8,909.75,573.25,0.454875,0.552264,908.07,566.63,مدينة بدر,image_yellow_mask
914,9,911.25,573.25,0.455625,0.552264,908.07,566.63,مدينة بدر,image_yellow_mask
914,10,912.5,574.5,0.45625,0.553468,908.07,566.63,مدينة بدر,image_yellow_mask
914,11,913.25,573.25,0.456625,0.552264,908.07,566.63,مدينة بدر,image_yellow_mask
914,12,915.0,573.25,0.4575,0.552264,908.07,566.63,مدينة بدر,image_yellow_mask
914,13,914.0,562.0,0.457,0.541426,908.07,566.63,مدينة بدر,image_yellow_mask
914,14,911.75,561.5,0.455875,0.540944,908.07,566.63,مدينة بدر,image_yellow_mask
914,15,911.0,560.25,0.4555,0.53974,908.07,566.63,مدينة بدر,image_yellow_mask
928,0,962.75,587.5,0.481375,0.565992,967.57,593.53,مدينة بدر,image_yellow_mask
928,1,962.75,588.75,0.481375,0.567197,967.57,593.53,مدينة بدر,image_yellow_mask
928,2,961.0,591.0,0.4805,0.569364,967.57,593.53,مدينة بدر,image_yellow_mask
928,3,962.25,597.0,0.481125,0.575145,967.57,593.53,مدينة بدر,image_yellow_mask
928,4,964.0,600.5,0.482,0.578516,967.57,593.53,مدينة بدر,image_yellow_mask
928,5,967.0,600.75,0.4835,0.578757,967.57,593.53,مدينة بدر,image_yellow_mask
928,6,967.25,601.75,0.483625,0.579721,967.57,593.53,مدينة بدر,image_yellow_mask
928,7,970.75,600.5,0.485375,0.578516,967.57,593.53,مدينة بدر,image_yellow_mask
928,8,975.25,600.0,0.487625,0.578035,967.57,593.53,مدينة بدر,image_yellow_mask
928,9,978.0,601.5,0.489,0.57948,967.57,593.53,مدينة بدر,image_yellow_mask
928,10,978.0,599.5,0.489,0.577553,967.57,593.53,مدينة بدر,image_yellow_mask
928,11,977.0,599.5,0.4885,0.577553,967.57,593.53,مدينة بدر,image_yellow_mask
928,12,975.5,598.0,0.48775,0.576108,967.57,593.53,مدينة بدر,image_yellow_mask
928,13,973.5,593.25,0.48675,0.571532,967.57,593.53,مدينة بدر,image_yellow_mask
928,14,973.5,591.5,0.48675,0.569846,967.57,593.53,مدينة بدر,image_yellow_mask
928,15,974.75,590.75,0.487375,0.569123,967.57,593.53,مدينة بدر,image_yellow_mask
928,16,973.25,589.0,0.486625,0.567437,967.57,593.53,مدينة بدر,image_yellow_mask
928,17,973.0,586.5,0.4865,0.565029,967.57,593.53,مدينة بدر,image_yellow_mask
928,18,972.25,588.5,0.486125,0.566956,967.57,593.53,مدينة بدر,image_yellow_mask
928,19,970.75,588.5,0.485375,0.566956,967.57,593.53,مدينة بدر,image_yellow_mask
928,20,969.25,586.75,0.484625,0.56527,967.57,593.53,مدينة بدر,image_yellow_mask
928,21,966.25,587.25,0.483125,0.565751,967.57,593.53,مدينة بدر,image_yellow_mask
928,22,965.25,586.5,0.482625,0.565029,967.57,593.53,مدينة بدر,image_yellow_mask
929,0,968.0,568.75,0.484,0.547929,972.45,575.63,مدينة بدر,image_yellow_mask
929,1,967.75,569.75,0.483875,0.548892,972.45,575.63,مدينة بدر,image_yellow_mask
929,2,965.5,570.75,0.48275,0.549855,972.45,575.63,مدينة بدر,image_yellow_mask
929,3,964.25,573.5,0.482125,0.552505,972.45,575.63,مدينة بدر,image_yellow_mask
929,4,969.25,578.25,0.484625,0.557081,972.45,575.63,مدينة بدر,image_yellow_mask
929,5,969.75,581.0,0.484875,0.55973,972.45,575.63,مدينة بدر,image_yellow_mask
929,6,972.75,581.5,0.486375,0.560212,972.45,575.63,مدينة بدر,image_yellow_mask
929,7,973.0,579.75,0.4865,0.558526,972.45,575.63,مدينة بدر,image_yellow_mask
929,8,975.25,580.25,0.487625,0.559008,972.45,575.63,مدينة بدر,image_yellow_mask
929,9,977.75,576.75,0.488875,0.555636,972.45,575.63,مدينة بدر,image_yellow_mask
929,10,977.5,573.5,0.48875,0.552505,972.45,575.63,مدينة بدر,image_yellow_mask
945,0,943.75,521.25,0.471875,0.502168,944.32,529.48,مدينة بدر,image_yellow_mask
945,1,941.0,523.0,0.4705,0.503854,944.32,529.48,مدينة بدر,image_yellow_mask
945,2,940.75,526.5,0.470375,0.507225,944.32,529.48,مدينة بدر,image_yellow_mask
945,3,939.25,526.75,0.469625,0.507466,944.32,529.48,مدينة بدر,image_yellow_mask
945,4,938.5,531.0,0.46925,0.511561,944.32,529.48,مدينة بدر,image_yellow_mask
945,5,940.0,531.25,0.47,0.511802,944.32,529.48,مدينة بدر,image_yellow_mask
945,6,940.0,532.75,0.47,0.513247,944.32,529.48,مدينة بدر,image_yellow_mask
945,7,938.75,533.5,0.469375,0.513969,944.32,529.48,مدينة بدر,image_yellow_mask
945,8,941.25,535.25,0.470625,0.515655,944.32,529.48,مدينة بدر,image_yellow_mask
945,9,947.25,535.25,0.473625,0.515655,944.32,529.48,مدينة بدر,image_yellow_mask
945,10,948.75,531.75,0.474375,0.512283,944.32,529.48,مدينة بدر,image_yellow_mask
945,11,949.75,522.5,0.474875,0.503372,944.32,529.48,مدينة بدر,image_yellow_mask
945,12,947.75,521.5,0.473875,0.502408,944.32,529.48,مدينة بدر,image_yellow_mask
948,0,924.0,488.75,0.462,0.470857,929.02,493.34,مدينة بدر,image_yellow_mask
948,1,923.75,495.5,0.461875,0.47736,929.02,493.34,مدينة بدر,image_yellow_mask
948,2,925.0,495.75,0.4625,0.477601,929.02,493.34,مدينة بدر,image_yellow_mask
948,3,925.25,497.25,0.462625,0.479046,929.02,493.34,مدينة بدر,image_yellow_mask
948,4,936.75,499.0,0.468375,0.480732,929.02,493.34,مدينة بدر,image_yellow_mask
948,5,937.25,496.0,0.468625,0.477842,929.02,493.34,مدينة بدر,image_yellow_mask
948,6,938.75,495.75,0.469375,0.477601,929.02,493.34,مدينة بدر,image_yellow_mask
948,7,939.0,493.0,0.4695,0.474952,929.02,493.34,مدينة بدر,image_yellow_mask
948,8,937.75,492.75,0.468875,0.474711,929.02,493.34,مدينة بدر,image_yellow_mask
948,9,937.5,490.25,0.46875,0.472303,929.02,493.34,مدينة بدر,image_yellow_mask
948,10,927.0,488.5,0.4635,0.470617,929.02,493.34,مدينة بدر,image_yellow_mask
948,11,925.75,487.5,0.462875,0.469653,929.02,493.34,مدينة بدر,image_yellow_mask
951,0,911.0,481.0,0.4555,0.463391,920.73,483.39,مدينة بدر,image_yellow_mask
951,1,910.75,484.0,0.455375,0.466281,920.73,483.39,مدينة بدر,image_yellow_mask
951,2,912.25,484.25,0.456125,0.466522,920.73,483.39,مدينة بدر,image_yellow_mask
951,3,912.75,486.5,0.456375,0.46869,920.73,483.39,مدينة بدر,image_yellow_mask
951,4,923.75,488.75,0.461875,0.470857,920.73,483.39,مدينة بدر,image_yellow_mask
951,5,925.5,487.25,0.46275,0.469412,920.73,483.39,مدينة بدر,image_yellow_mask
951,6,926.0,481.0,0.463,0.463391,920.73,483.39,مدينة بدر,image_yellow_mask
951,7,924.75,481.0,0.462375,0.463391,920.73,483.39,مدينة بدر,image_yellow_mask
951,8,924.0,479.25,0.462,0.461705,920.73,483.39,مدينة بدر,image_yellow_mask
951,9,913.75,477.5,0.456875,0.460019,920.73,483.39,مدينة بدر,image_yellow_mask
951,10,913.75,479.25,0.456875,0.461705,920.73,483.39,مدينة بدر,image_yellow_mask
951,11,912.25,481.0,0.456125,0.463391,920.73,483.39,مدينة بدر,image_yellow_mask
976,0,1015.75,495.75,0.507875,0.477601,1021.8,498.49,مدينة بدر,image_yellow_mask
976,1,1015.5,499.5,0.50775,0.481214,1021.8,498.49,مدينة بدر,image_yellow_mask
976,2,1016.75,499.75,0.508375,0.481455,1021.8,498.49,مدينة بدر,image_yellow_mask
976,3,1017.25,502.25,0.508625,0.483863,1021.8,498.49,مدينة بدر,image_yellow_mask
976,4,1025.0,504.0,0.5125,0.485549,1021.8,498.49,مدينة بدر,image_yellow_mask
976,5,1027.75,504.0,0.513875,0.485549,1021.8,498.49,مدينة بدر,image_yellow_mask
976,6,1028.25,502.5,0.514125,0.484104,1021.8,498.49,مدينة بدر,image_yellow_mask
976,7,1029.75,502.5,0.514875,0.484104,1021.8,498.49,مدينة بدر,image_yellow_mask
976,8,1030.5,497.5,0.51525,0.479287,1021.8,498.49,مدينة بدر,image_yellow_mask
976,9,1029.5,496.75,0.51475,0.478565,1021.8,498.49,مدينة بدر,image_yellow_mask
976,10,1029.5,495.5,0.51475,0.47736,1021.8,498.49,مدينة بدر,image_yellow_mask
976,11,1022.0,493.75,0.511,0.475674,1021.8,498.49,مدينة بدر,image_yellow_mask
976,12,1018.25,493.75,0.509125,0.475674,1021.8,498.49,مدينة بدر,image_yellow_mask
976,13,1017.25,495.75,0.508625,0.477601,1021.8,498.49,مدينة بدر,image_yellow_mask
1186,0,1549.25,612.25,0.774625,0.589836,1550.33,619.07,مدينة بدر,image_yellow_mask
1186,1,1547.25,620.5,0.773625,0.597784,1550.33,619.07,مدينة بدر,image_yellow_mask
1186,2,1550.75,622.25,0.775375,0.59947,1550.33,619.07,مدينة بدر,image_yellow_mask
1186,3,1555.25,622.0,0.777625,0.599229,1550.33,619.07,مدينة بدر,image_yellow_mask
1186,4,1556.25,618.0,0.778125,0.595376,1550.33,619.07,مدينة بدر,image_yellow_mask
1186,5,1552.5,617.5,0.77625,0.594894,1550.33,619.07,مدينة بدر,image_yellow_mask
1186,6,1552.25,615.75,0.776125,0.593208,1550.33,619.07,مدينة بدر,image_yellow_mask
1186,7,1556.5,615.25,0.77825,0.592726,1550.33,619.07,مدينة بدر,image_yellow_mask
1186,8,1556.5,614.25,0.77825,0.591763,1550.33,619.07,مدينة بدر,image_yellow_mask
1186,9,1555.5,613.0,0.77775,0.590559,1550.33,619.07,مدينة بدر,image_yellow_mask
1286,0,1840.0,678.5,0.92,0.653661,1858.32,683.7,مدينة بدر,image_yellow_mask
1286,1,1841.75,683.25,0.920875,0.658237,1858.32,683.7,مدينة بدر,image_yellow_mask
1286,2,1857.75,687.75,0.928875,0.662572,1858.32,683.7,مدينة بدر,image_yellow_mask
1286,3,1861.5,688.25,0.93075,0.663054,1858.32,683.7,مدينة بدر,image_yellow_mask
1286,4,1861.75,687.5,0.930875,0.662331,1858.32,683.7,مدينة بدر,image_yellow_mask
1286,5,1863.25,687.5,0.931625,0.662331,1858.32,683.7,مدينة بدر,image_yellow_mask
1286,6,1864.0,688.25,0.932,0.663054,1858.32,683.7,مدينة بدر,image_yellow_mask
1286,7,1865.25,682.75,0.932625,0.657755,1858.32,683.7,مدينة بدر,image_yellow_mask
1286,8,1864.25,682.75,0.932125,0.657755,1858.32,683.7,مدينة بدر,image_yellow_mask
1286,9,1864.0,681.0,0.932,0.656069,1858.32,683.7,مدينة بدر,image_yellow_mask
1286,10,1845.75,676.25,0.922875,0.651493,1858.32,683.7,مدينة بدر,image_yellow_mask
1286,11,1843.5,676.25,0.92175,0.651493,1858.32,683.7,مدينة بدر,image_yellow_mask
1286,12,1842.0,677.5,0.921,0.652697,1858.32,683.7,مدينة بدر,image_yellow_mask
1286,13,1840.5,677.5,0.92025,0.652697,1858.32,683.7,مدينة بدر,image_yellow_mask
